outcome,nobs,r2,pretrend_pvalue,placebo_mean,placebo_std
rate_impaired_per100k,1048.0,0.7758411155961298,0.12459016432638008,0.2855172277001296,0.40164344825026765
rate_alcohol_involved_per100k,1048.0,0.8730119639100861,0.20309039313472113,0.2800836934918459,0.11413764934256894
