task,model,val_mae,val_rmse,val_r2,test_mae,test_rmse,test_r2,n_train,n_val,n_test
crash_rate_next_year,ElasticNet,0.8230018996901123,1.000247298673852,0.022734388003265882,1.1717342301913545,1.486187049842177,-0.543928188771742,714,153,204
crash_rate_next_year,RandomForestRegressor,0.5850428091924036,0.8996135639446404,0.20948551426063378,0.553184307047793,0.806121675961772,0.5457642105847678,714,153,204
crash_rate_next_year,HistGradientBoostingRegressor,0.6633831401976719,0.9970902983433092,0.028893582905474058,0.594529115517962,0.8745718082770719,0.4653481193663934,714,153,204
crash_rate_next_year,MLPRegressor,0.7886021373925313,1.0844687296645028,-0.1487668914637852,1.294383229267619,1.5029031634770909,-0.5788546422572218,714,153,204
teen_current_use_next_wave,ElasticNet,4.597455273009987,5.415938598705377,0.1370364919780066,4.671740479000884,5.61913819844923,-1.2289425262697273,222,123,73
teen_current_use_next_wave,RandomForestRegressor,4.635873635347443,5.6664270792061595,0.055365994396646134,4.439818742745942,5.925296096018056,-1.4784465573608894,222,123,73
teen_current_use_next_wave,HistGradientBoostingRegressor,4.764700299156548,5.994390212201575,-0.05714604174622817,5.9253545516241255,7.041635652784329,-2.500310282255854,222,123,73
teen_current_use_next_wave,MLPRegressor,9.647187154052398,11.126712559758902,-2.642325085382396,16.51656131349821,16.944834798771698,-19.26908396308686,222,123,73
